css,E:\train\numscroll\css,main.css,2014/03/26,1.24
images,E:\train\numscroll\css,number.png,2014/03/26,5.35
js,E:\train\numscroll\js,animateBackground-plugin.js,2014/03/26,2.09
html,E:\train\numscroll,index.html,2016/07/11,2.16
js,E:\train\react-15.1.0\build,react-dom-server.js,2016/05/20,1.17
設定檔,E:\train\react-15.1.0\build,react-dom-server.min.js,2016/05/20,0.71
js,E:\train\react-15.1.0\build,react-dom.js,2016/05/20,1.15
設定檔,E:\train\react-15.1.0\build,react-dom.min.js,2016/05/20,0.69
js,E:\train\react-15.1.0\build,react-with-addons.js,2016/05/20,725.72
設定檔,E:\train\react-15.1.0\build,react-with-addons.min.js,2016/05/20,154.51
js,E:\train\react-15.1.0\build,react.js,2016/05/20,653.12
設定檔,E:\train\react-15.1.0\build,react.min.js,2016/05/20,143.66
html,E:\train\react-15.1.0\examples\basic,index.html,2016/04/19,1.74
html,E:\train\react-15.1.0\examples\basic-click-counter,index.html,2016/04/19,1.72
設定檔,E:\train\react-15.1.0\examples\basic-commonjs,.babelrc,2016/04/19,0.04
html,E:\train\react-15.1.0\examples\basic-commonjs,index.html,2016/04/19,1.14
js,E:\train\react-15.1.0\examples\basic-commonjs,index.js,2016/03/09,0.59
設定檔,E:\train\react-15.1.0\examples\basic-commonjs,package.json,2016/05/20,0.51
設定檔,E:\train\react-15.1.0\examples\basic-commonjs,README.md,2016/03/09,0.19
html,E:\train\react-15.1.0\examples\basic-jsx,index.html,2016/04/19,1.65
js,E:\train\react-15.1.0\examples\basic-jsx-external,example.js,2016/03/11,0.51
html,E:\train\react-15.1.0\examples\basic-jsx-external,index.html,2016/04/19,1.3
html,E:\train\react-15.1.0\examples\basic-jsx-harmony,index.html,2016/04/19,1.69
js,E:\train\react-15.1.0\examples\basic-jsx-precompile,example.js,2016/03/09,0.51
html,E:\train\react-15.1.0\examples\basic-jsx-precompile,index.html,2016/04/19,1.28
css,E:\train\react-15.1.0\examples\jquery-bootstrap\css,example.css,2015/07/18,0.03
js,E:\train\react-15.1.0\examples\jquery-bootstrap\js,app.js,2016/04/19,3.58
html,E:\train\react-15.1.0\examples\jquery-bootstrap,index.html,2016/04/19,1.25
js,E:\train\react-15.1.0\examples\jquery-mobile\js,app.js,2016/03/09,6.5
html,E:\train\react-15.1.0\examples\jquery-mobile,index.html,2016/04/19,0.85
設定檔,E:\train\react-15.1.0\examples\jquery-mobile,README.md,2015/09/16,0.28
js,E:\train\react-15.1.0\examples\quadratic,example.js,2016/03/09,1.6
html,E:\train\react-15.1.0\examples\quadratic,index.html,2016/04/19,1.13
css,E:\train\react-15.1.0\examples\shared\css,base.css,2016/03/09,0.82
html,E:\train\react-15.1.0\examples\transitions,index.html,2016/04/19,2.49
css,E:\train\react-15.1.0\examples\transitions,transition.css,2015/09/16,0.74
html,E:\train\react-15.1.0\examples\webcomponents,index.html,2016/04/19,2.31
設定檔,E:\train\react-15.1.0\examples,README.md,2016/03/09,0.34
images,E:\train\react-15.1.0\memo,createElement.png,2016/06/07,30.15
images,E:\train\react-15.1.0\memo,render.png,2016/06/07,20.18
js,E:\train\react-15.1.0\src,helloworld.js,2016/06/07,0.08
html,E:\train\react-15.1.0,helloworld.html,2016/06/08,0.7
html,E:\train\react-15.1.0,numRun.html,2016/06/07,1.18
設定檔,E:\train\react-15.1.0,README.md,2016/05/20,5.12
html,E:\train,angularjs.html,2016/05/25,1.63
html,E:\train,chartJs.html,2016/06/28,1.49
html,E:\train,dice.html,2016/07/11,8.81
html,E:\train,DiceGame.html,2016/07/12,9.23
html,E:\train,diceInvest.html,2016/06/27,1.24
設定檔,E:\train,DinDon.wav,2013/03/06,380.65
html,E:\train,index.html,2016/06/28,0.87
txt,E:\train,list.txt,2016/07/14,1.37
html,E:\train,makeFile.html,2016/07/12,1.41
html,E:\train,note.html,2016/07/13,42.1
html,E:\train,notefree.html,2016/07/13,9.33
html,E:\train,noteO.html,2016/07/13,27.59
html,E:\train,reactJsTemplate.html,2016/05/16,0.74
設定檔,E:\train,result.csv,2016/07/15,3.1
html,E:\train,template.html,2016/07/11,0.3
設定檔,E:\train,test.bat,2016/07/14,0.03
html,E:\train,toPic.html,2016/07/11,1.22
js,E:\train,tutorial1.js,2016/05/16,0.35
html,E:\train,typhoon.html,2016/07/07,0.76
txt,E:\train,中文測試.txt,2016/07/14,1.32
